DATASET_COLORSTRIP,,
SEPARATOR COMMA,,
DATASET_LABEL, fastlvl2,
DATA,,
G1019,#a6cee3,1
G1061,#a6cee3,1
G110,#a6cee3,1
G1113,#a6cee3,1
G111,#a6cee3,1
G1154,#a6cee3,1
G1188,#a6cee3,1
G1195,#a6cee3,1
G1198,#a6cee3,1
G1199,#a6cee3,1
G1200,#a6cee3,1
G1243,#a6cee3,1
G1356,#a6cee3,1
G1357m,#a6cee3,1
G139,#a6cee3,1
G1421,#a6cee3,1
G149m,#a6cee3,1
G1512,#a6cee3,1
G1516,#a6cee3,1
G1522,#a6cee3,1
G1523,#a6cee3,1
G1528,#a6cee3,1
G1567,#a6cee3,1
G1609,#a6cee3,1
G1612,#a6cee3,1
G1616,#a6cee3,1
G1646,#a6cee3,1
G1657,#a6cee3,1
G1672,#a6cee3,1
G1684,#a6cee3,1
G1686,#a6cee3,1
G1713,#a6cee3,1
G1716m,#a6cee3,1
G1773,#a6cee3,1
G1795,#a6cee3,1
G1824,#a6cee3,1
G182,#a6cee3,1
G1863,#a6cee3,1
G1869m,#a6cee3,1
G1893,#a6cee3,1
G1920,#a6cee3,1
G1964,#a6cee3,1
G2042,#a6cee3,1
G204,#a6cee3,1
G2096,#a6cee3,1
G2097,#a6cee3,1
G216,#a6cee3,1
G217,#a6cee3,1
G2190,#a6cee3,1
G2194,#a6cee3,1
G2225,#a6cee3,1
G2239,#a6cee3,1
G2243,#a6cee3,1
G2254,#a6cee3,1
G2255,#a6cee3,1
G2263,#a6cee3,1
G2265,#a6cee3,1
G2275,#a6cee3,1
G228,#a6cee3,1
G2294,#a6cee3,1
G2306,#a6cee3,1
G2307,#a6cee3,1
G2309,#a6cee3,1
G2326,#a6cee3,1
G2341,#a6cee3,1
G2344,#a6cee3,1
G2423,#a6cee3,1
G2430,#a6cee3,1
G2456,#a6cee3,1
G2457,#a6cee3,1
G2462,#a6cee3,1
G2490,#a6cee3,1
G255,#a6cee3,1
G2581,#a6cee3,1
G2638,#a6cee3,1
G2656,#a6cee3,1
G2726,#a6cee3,1
G2750,#a6cee3,1
G2765,#a6cee3,1
G2786,#a6cee3,1
G2803,#a6cee3,1
G2808,#a6cee3,1
G2813,#a6cee3,1
G2821,#a6cee3,1
G2827,#a6cee3,1
G302m,#a6cee3,1
G3064,#a6cee3,1
G3072,#a6cee3,1
G320m,#a6cee3,1
G321m,#a6cee3,1
G358m,#a6cee3,1
G441m,#a6cee3,1
G442m,#a6cee3,1
G446,#a6cee3,1
G508m,#a6cee3,1
G554,#a6cee3,1
G560,#a6cee3,1
G568m,#a6cee3,1
G572,#a6cee3,1
G597,#a6cee3,1
G69,#a6cee3,1
G701m,#a6cee3,1
G837m,#a6cee3,1
G880m,#a6cee3,1
G881m,#a6cee3,1
G910,#a6cee3,1
G925,#a6cee3,1
G932,#a6cee3,1
G982,#a6cee3,1
G03,#1f78b4,2
G1000,#1f78b4,2
G1010,#1f78b4,2
G1012,#1f78b4,2
G1059m,#1f78b4,2
G1060,#1f78b4,2
G1090,#1f78b4,2
G1098m,#1f78b4,2
G1099,#1f78b4,2
G1105m,#1f78b4,2
G1152,#1f78b4,2
G1163,#1f78b4,2
G1170,#1f78b4,2
G117,#1f78b4,2
G1201,#1f78b4,2
G124,#1f78b4,2
G125,#1f78b4,2
G1272,#1f78b4,2
G1288m,#1f78b4,2
G130,#1f78b4,2
G1315,#1f78b4,2
G1316,#1f78b4,2
G1318,#1f78b4,2
G1342,#1f78b4,2
G1347,#1f78b4,2
G1354,#1f78b4,2
G1367,#1f78b4,2
G1411,#1f78b4,2
G1422,#1f78b4,2
G1428,#1f78b4,2
G1433,#1f78b4,2
G1439,#1f78b4,2
G144,#1f78b4,2
G1471_NOSIP,#1f78b4,2
G1474_NOSIP,#1f78b4,2
G147,#1f78b4,2
G1481,#1f78b4,2
G1484m,#1f78b4,2
G1505,#1f78b4,2
G1506,#1f78b4,2
G1513,#1f78b4,2
G151,#1f78b4,2
G1520,#1f78b4,2
G1533,#1f78b4,2
G1538,#1f78b4,2
G1539,#1f78b4,2
G1545,#1f78b4,2
G1546,#1f78b4,2
G1566,#1f78b4,2
G1590,#1f78b4,2
G1607,#1f78b4,2
G1611,#1f78b4,2
G1627,#1f78b4,2
G1644,#1f78b4,2
G165,#1f78b4,2
G166,#1f78b4,2
G1676,#1f78b4,2
G1678,#1f78b4,2
G167,#1f78b4,2
G1703,#1f78b4,2
G1717,#1f78b4,2
G1752m,#1f78b4,2
G1754,#1f78b4,2
G1764,#1f78b4,2
G1768,#1f78b4,2
G176,#1f78b4,2
G1772,#1f78b4,2
G1775,#1f78b4,2
G1777m,#1f78b4,2
G1778,#1f78b4,2
G1780,#1f78b4,2
G1783,#1f78b4,2
G1788,#1f78b4,2
G1792,#1f78b4,2
G1828m,#1f78b4,2
G1829,#1f78b4,2
G1836,#1f78b4,2
G1842,#1f78b4,2
G1858m,#1f78b4,2
G1860,#1f78b4,2
G1864,#1f78b4,2
G1867m,#1f78b4,2
G1908,#1f78b4,2
G1910,#1f78b4,2
G1918,#1f78b4,2
G192,#1f78b4,2
G1970,#1f78b4,2
G1972,#1f78b4,2
G1997,#1f78b4,2
G2002,#1f78b4,2
G2019,#1f78b4,2
G2027,#1f78b4,2
G2036,#1f78b4,2
G2038,#1f78b4,2
G2041,#1f78b4,2
G2049,#1f78b4,2
G2059,#1f78b4,2
G2093,#1f78b4,2
G2099,#1f78b4,2
G2105,#1f78b4,2
G2120,#1f78b4,2
G2136,#1f78b4,2
G2166,#1f78b4,2
G2168,#1f78b4,2
G2171,#1f78b4,2
G2193,#1f78b4,2
G2195,#1f78b4,2
G2197m,#1f78b4,2
G2198,#1f78b4,2
G2201,#1f78b4,2
G2206,#1f78b4,2
G2214,#1f78b4,2
G2218,#1f78b4,2
G2220,#1f78b4,2
G2226,#1f78b4,2
G2227,#1f78b4,2
G222,#1f78b4,2
G224,#1f78b4,2
G2264,#1f78b4,2
G2266,#1f78b4,2
G2276,#1f78b4,2
G2278,#1f78b4,2
G2279,#1f78b4,2
G2280,#1f78b4,2
G2297,#1f78b4,2
G22,#1f78b4,2
G2310,#1f78b4,2
G2334,#1f78b4,2
G2336,#1f78b4,2
G237,#1f78b4,2
G2383,#1f78b4,2
G2397,#1f78b4,2
G2407,#1f78b4,2
G2411,#1f78b4,2
G2414,#1f78b4,2
G2420,#1f78b4,2
G2447,#1f78b4,2
G2464,#1f78b4,2
G2465m,#1f78b4,2
G2469,#1f78b4,2
G2475,#1f78b4,2
G2479,#1f78b4,2
G247,#1f78b4,2
G2481,#1f78b4,2
G2483m,#1f78b4,2
G2498m,#1f78b4,2
G249,#1f78b4,2
G251,#1f78b4,2
G2526,#1f78b4,2
G2532,#1f78b4,2
G2535,#1f78b4,2
G2571,#1f78b4,2
G2579,#1f78b4,2
G2603,#1f78b4,2
G2606,#1f78b4,2
G2610,#1f78b4,2
G2620,#1f78b4,2
G2624,#1f78b4,2
G2630,#1f78b4,2
G2660,#1f78b4,2
G2682,#1f78b4,2
G2685,#1f78b4,2
G2698,#1f78b4,2
G271,#1f78b4,2
G2769,#1f78b4,2
G2788,#1f78b4,2
G2806,#1f78b4,2
G2807,#1f78b4,2
G2837,#1f78b4,2
G287,#1f78b4,2
G3058,#1f78b4,2
G3061,#1f78b4,2
G3074,#1f78b4,2
G323m,#1f78b4,2
G338m,#1f78b4,2
G368m,#1f78b4,2
G398m,#1f78b4,2
G401m,#1f78b4,2
G403m,#1f78b4,2
G409,#1f78b4,2
G410m,#1f78b4,2
G471m,#1f78b4,2
G498m,#1f78b4,2
G499m,#1f78b4,2
G503m,#1f78b4,2
G552m,#1f78b4,2
G553m,#1f78b4,2
G556m,#1f78b4,2
G562m,#1f78b4,2
G566m,#1f78b4,2
G571m,#1f78b4,2
G587,#1f78b4,2
G589,#1f78b4,2
G654m,#1f78b4,2
G681m,#1f78b4,2
G697m,#1f78b4,2
G73,#1f78b4,2
G766m,#1f78b4,2
G817m,#1f78b4,2
G830m,#1f78b4,2
G838m,#1f78b4,2
G83,#1f78b4,2
G846m,#1f78b4,2
G860m,#1f78b4,2
G884,#1f78b4,2
G885,#1f78b4,2
G886,#1f78b4,2
G906,#1f78b4,2
G909,#1f78b4,2
G921,#1f78b4,2
G923m,#1f78b4,2
G941,#1f78b4,2
G950,#1f78b4,2
G951,#1f78b4,2
G958,#1f78b4,2
G95m_NOSIP,#1f78b4,2
G980,#1f78b4,2
G989,#1f78b4,2
G01,#b2df8a,3
G02,#b2df8a,3
G1063,#b2df8a,3
G1073,#b2df8a,3
G1089,#b2df8a,3
G1128,#b2df8a,3
G1137,#b2df8a,3
G1144,#b2df8a,3
G1156,#b2df8a,3
G122,#b2df8a,3
G1277,#b2df8a,3
G1332,#b2df8a,3
G1349,#b2df8a,3
G1358,#b2df8a,3
G1364,#b2df8a,3
G1440,#b2df8a,3
G1562,#b2df8a,3
G1563,#b2df8a,3
G1582,#b2df8a,3
G1620,#b2df8a,3
G1628,#b2df8a,3
G1664,#b2df8a,3
G1697,#b2df8a,3
G1711,#b2df8a,3
G1718,#b2df8a,3
G1724,#b2df8a,3
G1770,#b2df8a,3
G1818,#b2df8a,3
G183,#b2df8a,3
G1915,#b2df8a,3
G1916,#b2df8a,3
G1922,#b2df8a,3
G1925,#b2df8a,3
G1941,#b2df8a,3
G19,#b2df8a,3
G2024,#b2df8a,3
G205,#b2df8a,3
G2095,#b2df8a,3
G2098,#b2df8a,3
G2112,#b2df8a,3
G2114,#b2df8a,3
G2146,#b2df8a,3
G2179,#b2df8a,3
G2228,#b2df8a,3
G2229,#b2df8a,3
G2281,#b2df8a,3
G2435,#b2df8a,3
G2451,#b2df8a,3
G2500,#b2df8a,3
G2622,#b2df8a,3
G2668,#b2df8a,3
G2688,#b2df8a,3
G2705,#b2df8a,3
G2728,#b2df8a,3
G2836,#b2df8a,3
G2979,#b2df8a,3
G298m,#b2df8a,3
G3000,#b2df8a,3
G317m,#b2df8a,3
G356m,#b2df8a,3
G377,#b2df8a,3
G470m,#b2df8a,3
G828m,#b2df8a,3
G883,#b2df8a,3
G888,#b2df8a,3
G940,#b2df8a,3
G1058,#33a02c,4
G109,#33a02c,4
G1160,#33a02c,4
G116,#33a02c,4
G1185,#33a02c,4
G1191,#33a02c,4
G1192,#33a02c,4
G126,#33a02c,4
G1279,#33a02c,4
G1285,#33a02c,4
G1286,#33a02c,4
G1334,#33a02c,4
G1351,#33a02c,4
G1359,#33a02c,4
G1378,#33a02c,4
G1404,#33a02c,4
G1429,#33a02c,4
G1467,#33a02c,4
G1487,#33a02c,4
G1489,#33a02c,4
G1496,#33a02c,4
G1497,#33a02c,4
G1499,#33a02c,4
G1530,#33a02c,4
G1544,#33a02c,4
G1583,#33a02c,4
G1615m,#33a02c,4
G1630,#33a02c,4
G1654,#33a02c,4
G1661,#33a02c,4
G1671,#33a02c,4
G1687,#33a02c,4
G1693,#33a02c,4
G1701,#33a02c,4
G1774,#33a02c,4
G1854,#33a02c,4
G1868m,#33a02c,4
G1907,#33a02c,4
G1934,#33a02c,4
G1948,#33a02c,4
G1953,#33a02c,4
G1967,#33a02c,4
G1984,#33a02c,4
G1989,#33a02c,4
G1994,#33a02c,4
G2029,#33a02c,4
G2037,#33a02c,4
G2044,#33a02c,4
G2052,#33a02c,4
G2071,#33a02c,4
G2074,#33a02c,4
G212,#33a02c,4
G2134,#33a02c,4
G2145,#33a02c,4
G2187,#33a02c,4
G2188,#33a02c,4
G2246,#33a02c,4
G2267,#33a02c,4
G2305,#33a02c,4
G2313,#33a02c,4
G2345,#33a02c,4
G2371m,#33a02c,4
G2436,#33a02c,4
G2468,#33a02c,4
G2478,#33a02c,4
G2491,#33a02c,4
G2534,#33a02c,4
G259,#33a02c,4
G2695,#33a02c,4
G2986,#33a02c,4
G313m,#33a02c,4
G334,#33a02c,4
G357m,#33a02c,4
G460,#33a02c,4
G463m,#33a02c,4
G486,#33a02c,4
G501m,#33a02c,4
G545m,#33a02c,4
G548,#33a02c,4
G570,#33a02c,4
G627m,#33a02c,4
G634m,#33a02c,4
G67m,#33a02c,4
G782m,#33a02c,4
G824m,#33a02c,4
G873m,#33a02c,4
G937,#33a02c,4
G947,#33a02c,4
G987,#33a02c,4
G1022,#fb9a99,5
G1280,#fb9a99,5
G1293,#fb9a99,5
G135,#fb9a99,5
G1369,#fb9a99,5
G1438,#fb9a99,5
G1459,#fb9a99,5
G1518,#fb9a99,5
G152,#fb9a99,5
G1614,#fb9a99,5
G1728,#fb9a99,5
G1741,#fb9a99,5
G1745m,#fb9a99,5
G1765,#fb9a99,5
G1767,#fb9a99,5
G1841,#fb9a99,5
G1849m,#fb9a99,5
G1850,#fb9a99,5
G1870,#fb9a99,5
G1889,#fb9a99,5
G191,#fb9a99,5
G1939,#fb9a99,5
G1946,#fb9a99,5
G1968,#fb9a99,5
G2016,#fb9a99,5
G2026,#fb9a99,5
G2031m,#fb9a99,5
G2033,#fb9a99,5
G2072,#fb9a99,5
G2083,#fb9a99,5
G208,#fb9a99,5
G2119,#fb9a99,5
G213,#fb9a99,5
G2144,#fb9a99,5
G2148m,#fb9a99,5
G2186,#fb9a99,5
G2196,#fb9a99,5
G2200,#fb9a99,5
G2222,#fb9a99,5
G2258,#fb9a99,5
G2289,#fb9a99,5
G2291,#fb9a99,5
G2293,#fb9a99,5
G2295,#fb9a99,5
G2296,#fb9a99,5
G2298,#fb9a99,5
G2653,#fb9a99,5
G2669,#fb9a99,5
G2684,#fb9a99,5
G2780,#fb9a99,5
G2796,#fb9a99,5
G3060,#fb9a99,5
G307m,#fb9a99,5
G308m,#fb9a99,5
G314m,#fb9a99,5
G459m,#fb9a99,5
G478m,#fb9a99,5
G536m,#fb9a99,5
G579,#fb9a99,5
G63,#fb9a99,5
G642,#fb9a99,5
G682,#fb9a99,5
G733,#fb9a99,5
G768m,#fb9a99,5
G78,#fb9a99,5
G979,#fb9a99,5
G1002,#e31a1c,6
G1011,#e31a1c,6
G1036,#e31a1c,6
G119,#e31a1c,6
G1238FE28,#e31a1c,6
G1302m,#e31a1c,6
G143,#e31a1c,6
G1449,#e31a1c,6
G1458,#e31a1c,6
G1461,#e31a1c,6
G1537,#e31a1c,6
G1557,#e31a1c,6
G1571,#e31a1c,6
G1585,#e31a1c,6
G1603,#e31a1c,6
G1610,#e31a1c,6
G164,#e31a1c,6
G168,#e31a1c,6
G1715,#e31a1c,6
G1731,#e31a1c,6
G1732,#e31a1c,6
G1743,#e31a1c,6
G1786,#e31a1c,6
G1801,#e31a1c,6
G1823,#e31a1c,6
G1825,#e31a1c,6
G1827,#e31a1c,6
G1859,#e31a1c,6
G1885,#e31a1c,6
G1923,#e31a1c,6
G1958,#e31a1c,6
G1985,#e31a1c,6
G1998,#e31a1c,6
G2017,#e31a1c,6
G201,#e31a1c,6
G2039,#e31a1c,6
G2062,#e31a1c,6
G2064,#e31a1c,6
G2070,#e31a1c,6
G2092,#e31a1c,6
G2125,#e31a1c,6
G2130,#e31a1c,6
G2137,#e31a1c,6
G2147,#e31a1c,6
G214,#e31a1c,6
G2152,#e31a1c,6
G2173,#e31a1c,6
G2174,#e31a1c,6
G2176m,#e31a1c,6
G2211,#e31a1c,6
G2259,#e31a1c,6
G2261,#e31a1c,6
G2273,#e31a1c,6
G2314,#e31a1c,6
G2316,#e31a1c,6
G2318,#e31a1c,6
G2319,#e31a1c,6
G2416,#e31a1c,6
G243,#e31a1c,6
G2460,#e31a1c,6
G2512,#e31a1c,6
G2580,#e31a1c,6
G2602,#e31a1c,6
G2631,#e31a1c,6
G2632,#e31a1c,6
G2641,#e31a1c,6
G2654,#e31a1c,6
G2671,#e31a1c,6
G2706,#e31a1c,6
G2707,#e31a1c,6
G2779,#e31a1c,6
G2789,#e31a1c,6
G2798Lib2,#e31a1c,6
G2801,#e31a1c,6
G2805,#e31a1c,6
G2822,#e31a1c,6
G2843,#e31a1c,6
G2894,#e31a1c,6
G2920,#e31a1c,6
G2965,#e31a1c,6
G2970,#e31a1c,6
G2971,#e31a1c,6
G2978,#e31a1c,6
G2982,#e31a1c,6
G3003,#e31a1c,6
G3062,#e31a1c,6
G525m,#e31a1c,6
G561m,#e31a1c,6
G60,#e31a1c,6
G621m,#e31a1c,6
G637m,#e31a1c,6
G669,#e31a1c,6
G694m,#e31a1c,6
G757m,#e31a1c,6
G856m,#e31a1c,6
G879m,#e31a1c,6
G882m,#e31a1c,6
G901,#e31a1c,6
G04,#fdbf6f,7
G1023,#fdbf6f,7
G1246,#fdbf6f,7
G1261,#fdbf6f,7
G1303,#fdbf6f,7
G1308,#fdbf6f,7
G1432,#fdbf6f,7
G145,#fdbf6f,7
G1476,#fdbf6f,7
G1558,#fdbf6f,7
G1570,#fdbf6f,7
G1577,#fdbf6f,7
G1578,#fdbf6f,7
G1604,#fdbf6f,7
G1617,#fdbf6f,7
G1704,#fdbf6f,7
G1725,#fdbf6f,7
G1739,#fdbf6f,7
G1756m,#fdbf6f,7
G1763,#fdbf6f,7
G1769,#fdbf6f,7
G1784,#fdbf6f,7
G1787,#fdbf6f,7
G1821,#fdbf6f,7
G1853,#fdbf6f,7
G1855m,#fdbf6f,7
G1862,#fdbf6f,7
G190,#fdbf6f,7
G1935,#fdbf6f,7
G1938,#fdbf6f,7
G1940,#fdbf6f,7
G1983m,#fdbf6f,7
G1986,#fdbf6f,7
G2020,#fdbf6f,7
G2023m,#fdbf6f,7
G2048,#fdbf6f,7
G2065,#fdbf6f,7
G2133,#fdbf6f,7
G2143,#fdbf6f,7
G2155m,#fdbf6f,7
G2180,#fdbf6f,7
G2209,#fdbf6f,7
G2215,#fdbf6f,7
G2249,#fdbf6f,7
G2312,#fdbf6f,7
G2338,#fdbf6f,7
G2347,#fdbf6f,7
G2415,#fdbf6f,7
G2443,#fdbf6f,7
G246,#fdbf6f,7
G2485,#fdbf6f,7
G2547,#fdbf6f,7
G2567,#fdbf6f,7
G258,#fdbf6f,7
G2607,#fdbf6f,7
G2661,#fdbf6f,7
G2704,#fdbf6f,7
G2755,#fdbf6f,7
G278m,#fdbf6f,7
G2809,#fdbf6f,7
G280,#fdbf6f,7
G2812,#fdbf6f,7
G2817,#fdbf6f,7
G2874,#fdbf6f,7
G2912,#fdbf6f,7
G2921,#fdbf6f,7
G453m,#fdbf6f,7
G623m,#fdbf6f,7
G693m,#fdbf6f,7
G764m,#fdbf6f,7
G778m,#fdbf6f,7
G77,#fdbf6f,7
G826m,#fdbf6f,7
G917,#fdbf6f,7
G91,#fdbf6f,7
G922,#fdbf6f,7
G924,#fdbf6f,7
G945,#fdbf6f,7
G984,#fdbf6f,7
G101,#ff7f00,8
G1056,#ff7f00,8
G1107,#ff7f00,8
G1133m,#ff7f00,8
G1180,#ff7f00,8
G1181,#ff7f00,8
G1190,#ff7f00,8
G120,#ff7f00,8
G1268,#ff7f00,8
G1269,#ff7f00,8
G1274,#ff7f00,8
G1296,#ff7f00,8
G1312,#ff7f00,8
G1314,#ff7f00,8
G1323,#ff7f00,8
G1325,#ff7f00,8
G1328,#ff7f00,8
G1329,#ff7f00,8
G1353m,#ff7f00,8
G1355,#ff7f00,8
G1366,#ff7f00,8
G137,#ff7f00,8
G1431,#ff7f00,8
G1446,#ff7f00,8
G1452,#ff7f00,8
G1465,#ff7f00,8
G1469,#ff7f00,8
G150m,#ff7f00,8
G1519m,#ff7f00,8
G1542,#ff7f00,8
G1564,#ff7f00,8
G1568,#ff7f00,8
G1581,#ff7f00,8
G1613,#ff7f00,8
G1618,#ff7f00,8
G1619,#ff7f00,8
G1633,#ff7f00,8
G1647,#ff7f00,8
G1683,#ff7f00,8
G1685,#ff7f00,8
G1702,#ff7f00,8
G1740,#ff7f00,8
G1742,#ff7f00,8
G1750,#ff7f00,8
G1762,#ff7f00,8
G1782,#ff7f00,8
G180m,#ff7f00,8
G1819,#ff7f00,8
G1826,#ff7f00,8
G1835,#ff7f00,8
G1851,#ff7f00,8
G1857m,#ff7f00,8
G1865,#ff7f00,8
G1866m,#ff7f00,8
G186,#ff7f00,8
G1914,#ff7f00,8
G1945,#ff7f00,8
G1954,#ff7f00,8
G1955,#ff7f00,8
G1956,#ff7f00,8
G1965,#ff7f00,8
G1969,#ff7f00,8
G196,#ff7f00,8
G1971,#ff7f00,8
G1988,#ff7f00,8
G1999,#ff7f00,8
G202,#ff7f00,8
G2034,#ff7f00,8
G2089,#ff7f00,8
G209,#ff7f00,8
G2101,#ff7f00,8
G2104,#ff7f00,8
G2107,#ff7f00,8
G2162,#ff7f00,8
G2165,#ff7f00,8
G2184,#ff7f00,8
G2185,#ff7f00,8
G2203,#ff7f00,8
G2213,#ff7f00,8
G2237,#ff7f00,8
G2241,#ff7f00,8
G2245,#ff7f00,8
G2292,#ff7f00,8
G2300m,#ff7f00,8
G2301,#ff7f00,8
G2302,#ff7f00,8
G2308m,#ff7f00,8
G2410,#ff7f00,8
G2418,#ff7f00,8
G242,#ff7f00,8
G245m,#ff7f00,8
G2470,#ff7f00,8
G2471,#ff7f00,8
G2472,#ff7f00,8
G2477,#ff7f00,8
G25,#ff7f00,8
G2615,#ff7f00,8
G262,#ff7f00,8
G2636,#ff7f00,8
G2657,#ff7f00,8
G266,#ff7f00,8
G2691,#ff7f00,8
G26,#ff7f00,8
G2725,#ff7f00,8
G2727,#ff7f00,8
G2743,#ff7f00,8
G2766,#ff7f00,8
G2770,#ff7f00,8
G2772,#ff7f00,8
G2785,#ff7f00,8
G2828,#ff7f00,8
G2856,#ff7f00,8
G2959,#ff7f00,8
G2981,#ff7f00,8
G3004,#ff7f00,8
G3053,#ff7f00,8
G3057,#ff7f00,8
G348m,#ff7f00,8
G350m,#ff7f00,8
G405m,#ff7f00,8
G407m,#ff7f00,8
G408m,#ff7f00,8
G428m,#ff7f00,8
G431m,#ff7f00,8
G435m,#ff7f00,8
G444,#ff7f00,8
G467m,#ff7f00,8
G468m,#ff7f00,8
G558m,#ff7f00,8
G559,#ff7f00,8
G563,#ff7f00,8
G565m,#ff7f00,8
G580m,#ff7f00,8
G584m,#ff7f00,8
G641m,#ff7f00,8
G651m,#ff7f00,8
G665,#ff7f00,8
G684m,#ff7f00,8
G75,#ff7f00,8
G76,#ff7f00,8
G81,#ff7f00,8
G863m,#ff7f00,8
G868m,#ff7f00,8
G876m,#ff7f00,8
G878,#ff7f00,8
G919,#ff7f00,8
G926,#ff7f00,8
G934,#ff7f00,8
G94,#ff7f00,8
G960,#ff7f00,8
G976,#ff7f00,8
G1062m,#cab2d6,9
G1065,#cab2d6,9
G1068,#cab2d6,9
G1202,#cab2d6,9
G1321,#cab2d6,9
G1322,#cab2d6,9
G1344,#cab2d6,9
G1360,#cab2d6,9
G1368,#cab2d6,9
G1375,#cab2d6,9
G1403,#cab2d6,9
G1420,#cab2d6,9
G1447,#cab2d6,9
G1509,#cab2d6,9
G1514,#cab2d6,9
G1536,#cab2d6,9
G1543,#cab2d6,9
G1638,#cab2d6,9
G1648,#cab2d6,9
G1652,#cab2d6,9
G1653,#cab2d6,9
G1700,#cab2d6,9
G1726,#cab2d6,9
G1759,#cab2d6,9
G1760,#cab2d6,9
G1766,#cab2d6,9
G1785,#cab2d6,9
G1852,#cab2d6,9
G1900,#cab2d6,9
G1913,#cab2d6,9
G1926,#cab2d6,9
G1942,#cab2d6,9
G2015,#cab2d6,9
G2030,#cab2d6,9
G2051,#cab2d6,9
G2054m,#cab2d6,9
G2063,#cab2d6,9
G2075,#cab2d6,9
G2080,#cab2d6,9
G2102,#cab2d6,9
G211,#cab2d6,9
G2154,#cab2d6,9
G2160,#cab2d6,9
G2164,#cab2d6,9
G2167,#cab2d6,9
G2191,#cab2d6,9
G2192,#cab2d6,9
G2199,#cab2d6,9
G2235,#cab2d6,9
G233,#cab2d6,9
G2386,#cab2d6,9
G2413,#cab2d6,9
G2767,#cab2d6,9
G2783,#cab2d6,9
G2867,#cab2d6,9
G2954,#cab2d6,9
G2962,#cab2d6,9
G395m,#cab2d6,9
G402m,#cab2d6,9
G439m,#cab2d6,9
G450m,#cab2d6,9
G465,#cab2d6,9
G497m,#cab2d6,9
G500m,#cab2d6,9
G512m,#cab2d6,9
G538m,#cab2d6,9
G58,#cab2d6,9
G594m,#cab2d6,9
G848m,#cab2d6,9
G861m,#cab2d6,9
G89,#cab2d6,9
G975,#cab2d6,9
G990,#cab2d6,9
G991,#cab2d6,9
G992,#cab2d6,9
G1015,#6a3d9a,10
G103,#6a3d9a,10
G108,#6a3d9a,10
G1141,#6a3d9a,10
G1158m,#6a3d9a,10
G1204,#6a3d9a,10
G123,#6a3d9a,10
G1258,#6a3d9a,10
G1270,#6a3d9a,10
G128,#6a3d9a,10
G1320,#6a3d9a,10
G1327,#6a3d9a,10
G1350,#6a3d9a,10
G1376,#6a3d9a,10
G1379,#6a3d9a,10
G1407,#6a3d9a,10
G142,#6a3d9a,10
G1437,#6a3d9a,10
G146m,#6a3d9a,10
G1501FE36,#6a3d9a,10
G1524,#6a3d9a,10
G1576,#6a3d9a,10
G1586,#6a3d9a,10
G1651,#6a3d9a,10
G1663,#6a3d9a,10
G1708,#6a3d9a,10
G1747,#6a3d9a,10
G1751,#6a3d9a,10
G1758,#6a3d9a,10
G1761,#6a3d9a,10
G1799,#6a3d9a,10
G1805,#6a3d9a,10
G1831,#6a3d9a,10
G1839,#6a3d9a,10
G1896m,#6a3d9a,10
G1911,#6a3d9a,10
G1921,#6a3d9a,10
G1936,#6a3d9a,10
G1957,#6a3d9a,10
G1996,#6a3d9a,10
G2022,#6a3d9a,10
G2055m,#6a3d9a,10
G2057,#6a3d9a,10
G2079,#6a3d9a,10
G2081,#6a3d9a,10
G2090,#6a3d9a,10
G2138,#6a3d9a,10
G2151,#6a3d9a,10
G2202,#6a3d9a,10
G2204,#6a3d9a,10
G2232,#6a3d9a,10
G2233,#6a3d9a,10
G2234,#6a3d9a,10
G2236,#6a3d9a,10
G2244,#6a3d9a,10
G2248,#6a3d9a,10
G226,#6a3d9a,10
G2271,#6a3d9a,10
G2290,#6a3d9a,10
G2343Lib2,#6a3d9a,10
G2486,#6a3d9a,10
G2496,#6a3d9a,10
G250,#6a3d9a,10
G2511,#6a3d9a,10
G2527,#6a3d9a,10
G260,#6a3d9a,10
G2623,#6a3d9a,10
G2648,#6a3d9a,10
G2709,#6a3d9a,10
G2730,#6a3d9a,10
G2740,#6a3d9a,10
G2749,#6a3d9a,10
G2761,#6a3d9a,10
G2773,#6a3d9a,10
G2804,#6a3d9a,10
G2831,#6a3d9a,10
G290m,#6a3d9a,10
G2953,#6a3d9a,10
G3077,#6a3d9a,10
G322m,#6a3d9a,10
G337,#6a3d9a,10
G351,#6a3d9a,10
G406m,#6a3d9a,10
G419m,#6a3d9a,10
G474m,#6a3d9a,10
G549m,#6a3d9a,10
G650,#6a3d9a,10
G675,#6a3d9a,10
G788FE29,#6a3d9a,10
G832m,#6a3d9a,10
G835m,#6a3d9a,10
G839m,#6a3d9a,10
G84,#6a3d9a,10
G850m,#6a3d9a,10
G977,#6a3d9a,10
G99,#6a3d9a,10
G1017,#ffff99,11
G1498,#ffff99,11
G1636,#ffff99,11
G1727,#ffff99,11
G1992,#ffff99,11
G2117,#ffff99,11
G2121,#ffff99,11
G2135,#ffff99,11
G2177,#ffff99,11
G2181,#ffff99,11
G2252,#ffff99,11
G2417,#ffff99,11
G2458m,#ffff99,11
G2459m,#ffff99,11
G2466,#ffff99,11
G2476,#ffff99,11
G2612,#ffff99,11
G454m,#ffff99,11
G469m,#ffff99,11
G79,#ffff99,11
G820,#ffff99,11
G177m,#b15928,12
G318,#b15928,12
G1161,#a6cee3,13
G1507,#a6cee3,13
G1733,#a6cee3,13
G1736,#a6cee3,13
G1757,#a6cee3,13
G1791,#a6cee3,13
G1803,#a6cee3,13
G2238,#a6cee3,13
G2541,#a6cee3,13
G2650,#a6cee3,13
G2830,#a6cee3,13
G2911,#a6cee3,13
G440,#a6cee3,13
G551m,#a6cee3,13
G577,#a6cee3,13
G1009,#1f78b4,14
G1018,#1f78b4,14
G127,#1f78b4,14
G1365,#1f78b4,14
G1517,#1f78b4,14
G1525,#1f78b4,14
G1631,#1f78b4,14
G1635,#1f78b4,14
G1753,#1f78b4,14
G1924,#1f78b4,14
G1932,#1f78b4,14
G1944,#1f78b4,14
G1962,#1f78b4,14
G200,#1f78b4,14
G2066,#1f78b4,14
G2156,#1f78b4,14
G2169,#1f78b4,14
G2172,#1f78b4,14
G2178m,#1f78b4,14
G2182,#1f78b4,14
G2284,#1f78b4,14
G229,#1f78b4,14
G2328,#1f78b4,14
G2332,#1f78b4,14
G24,#1f78b4,14
G261,#1f78b4,14
G2626,#1f78b4,14
G268,#1f78b4,14
G393m,#1f78b4,14
G482m,#1f78b4,14
G564m,#1f78b4,14
G583m,#1f78b4,14
G661m,#1f78b4,14
G85,#1f78b4,14
G995,#1f78b4,14
G1093m,#b2df8a,15
G1304,#b2df8a,15
G1305,#b2df8a,15
G1309,#b2df8a,15
G1310,#b2df8a,15
G1521,#b2df8a,15
G1532,#b2df8a,15
G1573,#b2df8a,15
G1579,#b2df8a,15
G1634,#b2df8a,15
G1637,#b2df8a,15
G1675,#b2df8a,15
G1817,#b2df8a,15
G1861,#b2df8a,15
G1892,#b2df8a,15
G1906,#b2df8a,15
G1912,#b2df8a,15
G1966,#b2df8a,15
G2091,#b2df8a,15
G2103,#b2df8a,15
G2163m,#b2df8a,15
G227,#b2df8a,15
G2497,#b2df8a,15
G2501,#b2df8a,15
G257,#b2df8a,15
G2645,#b2df8a,15
G2791,#b2df8a,15
G581m,#b2df8a,15
G770m,#b2df8a,15
G891,#b2df8a,15
G1043,#33a02c,16
G1273,#33a02c,16
G1492,#33a02c,16
G1494,#33a02c,16
G1495,#33a02c,16
G1500FE27,#33a02c,16
G1621,#33a02c,16
G1660,#33a02c,16
G1705,#33a02c,16
G1822,#33a02c,16
G1837,#33a02c,16
G1898,#33a02c,16
G1943,#33a02c,16
G2128,#33a02c,16
G2230,#33a02c,16
G2231,#33a02c,16
G2450,#33a02c,16
G2452,#33a02c,16
G2463,#33a02c,16
G253,#33a02c,16
G2875,#33a02c,16
G3073,#33a02c,16
G630m,#33a02c,16
G810m,#33a02c,16
G818m,#33a02c,16
G851m,#33a02c,16
G871m,#33a02c,16
